{"cameraMode":{"drawMode":0,"name":"Shaded","section":"Shading Mode"},"sceneLighting":true,"audioPlay":false,"sceneViewState":{"showFog":true,"showMaterialUpdate":true,"showSkybox":true,"showFlares":true,"showImageEffects":true,"showParticleSystems":true},"in2DMode":false,"pivot":{"x":586.3477172851563,"y":76.840576171875,"z":329.9835205078125},"rotation":{"x":0.011210471391677857,"y":0.988293468952179,"z":-0.09068207442760468,"w":0.12217670679092407},"size":798.7386474609375,"orthographic":false}